nose_X,nose_Y,left_eye_X,left_eye_Y,right_eye_X,right_eye_Y,left_ear_X,left_ear_Y,right_ear_X,right_ear_Y,left_shoulder_X,left_shoulder_Y,right_shoulder_X,right_shoulder_Y,left_elbow_X,left_elbow_Y,right_elbow_X,right_elbow_Y,left_wrist_X,left_wrist_Y,right_wrist_X,right_wrist_Y
0.10845296084880829,0.18811771273612976,0.07979924231767654,0.21165601909160614,0.07238341867923737,0.1475141942501068,0.1116034984588623,0.20873522758483887,0.10003690421581268,0.06047626957297325,0.29970675706863403,0.17041312158107758,0.2472745180130005,0.023571625351905823,0.5760629773139954,0.21664679050445557,0.0,0.0,0.8055896759033203,0.2388724982738495,0.0,0.0
0.6774649024009705,0.8129869699478149,0.6454977989196777,0.8449393510818481,0.6214997172355652,0.806433916091919,0.0,0.0,0.5625998973846436,0.7191097736358643,0.0,0.0,0.6512519121170044,0.58260178565979,0.0,0.0,0.0,0.0,0.0,0.0,0.0,0.0
0.7596952319145203,0.05044575035572052,0.7162284255027771,0.05446609854698181,0.7056393027305603,0.05070072412490845,0.6819333434104919,0.16758990287780762,0.6740548014640808,0.15315890312194824,0.7817893028259277,0.3197079598903656,0.0,0.0,0.7904589176177979,0.3126268982887268,0.0,0.0,0.0,0.0,0.0,0.0
0.5090211033821106,0.2981805205345154,0.4456402659416199,0.33848172426223755,0.4490559697151184,0.2563481032848358,0.39126262068748474,0.40277528762817383,0.3926783800125122,0.20289182662963867,0.6932309865951538,0.4657299220561981,0.5837737321853638,0.10623332858085632,0.0,0.0,0.911178469657898,0.044979892671108246,0.0,0.0,0.0,0.0
0.0,0.0,0.0,0.0,0.0,0.0,0.0,0.0,0.0,0.0,0.0,0.0,0.0,0.0,0.0,0.0,0.0,0.0,0.0,0.0,0.0,0.0
0.0,0.0,0.0,0.0,0.0,0.0,0.0,0.0,0.0,0.0,0.0,0.0,0.0,0.0,0.0,0.0,0.0,0.0,0.0,0.0,0.0,0.0
0.5167076587677002,0.30677157640457153,0.4517400860786438,0.34969955682754517,0.45386284589767456,0.26219797134399414,0.407880961894989,0.4045989513397217,0.4119010865688324,0.20911316573619843,0.6986951231956482,0.46414002776145935,0.5870673656463623,0.11026139557361603,0.9726403951644897,0.5299806594848633,0.9077693223953247,0.039463236927986145,0.0,0.0,0.0,0.0
0.5855674743652344,0.7180960178375244,0.0,0.0,0.5230422019958496,0.699927568435669,0.0,0.0,0.4637605845928192,0.6367526054382324,0.0,0.0,0.0,0.0,0.0,0.0,0.0,0.0,0.0,0.0,0.0,0.0
0.0,0.0,0.0,0.0,0.0,0.0,0.0,0.0,0.0,0.0,0.0,0.0,0.0,0.0,0.0,0.0,0.0,0.0,0.0,0.0,0.0,0.0
0.42437469959259033,0.6809954047203064,0.36662012338638306,0.7233513593673706,0.37600237131118774,0.6369473934173584,0.3652520179748535,0.7886483073234558,0.38744211196899414,0.59287428855896,0.5931295156478882,0.921980082988739,0.6891998648643494,0.5257159471511841,0.0,0.0,0.0,0.0,0.685501217842102,0.782982587814331,0.0,0.0
0.0,0.0,0.0,0.0,0.0,0.0,0.0,0.0,0.0,0.0,0.0,0.0,0.0,0.0,0.0,0.0,0.0,0.0,0.0,0.0,0.0,0.0
0.522635817527771,0.32518813014030457,0.4665876030921936,0.369221568107605,0.4592925012111664,0.28043174743652344,0.4629516005516052,0.41527533531188965,0.4314762353897095,0.21872824430465698,0.7259399890899658,0.4604702889919281,0.645955502986908,0.09094329923391342,0.0,0.0,0.9650746583938599,0.03460615128278732,0.0,0.0,0.0,0.0
0.6175288558006287,0.3911541700363159,0.555807888507843,0.4271228015422821,0.5589170455932617,0.3539254665374756,0.4819217324256897,0.4815952181816101,0.452847421169281,0.30090203881263733,0.7167879939079285,0.5376262664794922,0.5309863090515137,0.12765327095985413,0.0,0.0,0.0,0.0,0.0,0.0,0.0,0.0
0.0,0.0,0.0,0.0,0.0,0.0,0.0,0.0,0.0,0.0,0.0,0.0,0.0,0.0,0.0,0.0,0.0,0.0,0.0,0.0,0.0,0.0
0.5874274373054504,0.411233127117157,0.0,0.0,0.4707272946834564,0.41968199610710144,0.2966911494731903,0.2722814977169037,0.0,0.0,0.5289903879165649,0.1036919504404068,0.6781241297721863,0.4756259620189667,0.0,0.0,0.9533399939537048,0.020560266450047493,0.0,0.0,0.0,0.0
0.5396499633789062,0.30498331785202026,0.4855225682258606,0.3441407382488251,0.48698705434799194,0.2654554843902588,0.4465104937553406,0.39099860191345215,0.4509110450744629,0.20247910916805267,0.6711306571960449,0.44861742854118347,0.6364378333091736,0.10698603093624115,0.9523762464523315,0.525861382484436,0.9466244578361511,0.04980693385004997,0.0,0.0,0.0,0.0
0.5601342916488647,0.3101905584335327,0.499984472990036,0.3410530686378479,0.5062907338142395,0.26914316415786743,0.4352710247039795,0.4004630446434021,0.45157167315483093,0.2087896317243576,0.6732441186904907,0.45581087470054626,0.6311335563659668,0.12175118178129196,0.9613436460494995,0.5444507598876953,0.9482078552246094,0.04928255081176758,0.0,0.0,0.0,0.0
0.0,0.0,0.0,0.0,0.0,0.0,0.0,0.0,0.0,0.0,0.0,0.0,0.0,0.0,0.0,0.0,0.0,0.0,0.0,0.0,0.0,0.0
0.0,0.0,0.0,0.0,0.0,0.0,0.0,0.0,0.0,0.0,0.0,0.0,0.0,0.0,0.0,0.0,0.18595847487449646,0.40275928378105164,0.0,0.0,0.0,0.0
0.5558085441589355,0.3113759160041809,0.5040396451950073,0.34464502334594727,0.5083621740341187,0.2703181803226471,0.4399065375328064,0.3971775472164154,0.45830315351486206,0.21468928456306458,0.6747683882713318,0.45578300952911377,0.6323544979095459,0.12349456548690796,0.9567023515701294,0.5386343002319336,0.943189263343811,0.04826134443283081,0.0,0.0,0.0,0.0
0.7982262372970581,0.9140063524246216,0.7542424201965332,0.925329327583313,0.7458727359771729,0.9259026050567627,0.0,0.0,0.7017868757247925,0.8086916208267212,0.0,0.0,0.779751181602478,0.6809587478637695,0.0,0.0,0.7873592376708984,0.6856489181518555,0.0,0.0,0.0,0.0
0.662826657295227,0.8186740875244141,0.0,0.0,0.6337679624557495,0.8152511119842529,0.0,0.0,0.6611236333847046,0.7813537120819092,0.0,0.0,0.7904724478721619,0.7653759717941284,0.0,0.0,0.8495327234268188,0.8166335821151733,0.0,0.0,0.0,0.0
0.5065843462944031,0.3681567907333374,0.41643667221069336,0.4213063418865204,0.42187827825546265,0.3101045787334442,0.26828545331954956,0.5063705444335938,0.0,0.0,0.4705129861831665,0.5934794545173645,0.3878147304058075,0.10591119527816772,0.8806948065757751,0.7018870115280151,0.0,0.0,0.0,0.0,0.0,0.0
0.0,0.0,0.0,0.0,0.0,0.0,0.0,0.0,0.0,0.0,0.0,0.0,0.0,0.0,0.0,0.0,0.0,0.0,0.0,0.0,0.0,0.0
0.0,0.0,0.023060908541083336,0.33660227060317993,0.021075643599033356,0.33789706230163574,0.05234905332326889,0.3569797873497009,0.055105000734329224,0.2603805959224701,0.47798454761505127,0.5760135054588318,0.4564119577407837,0.039709921926259995,0.0,0.0,0.9463032484054565,0.010737475007772446,0.0,0.0,0.0,0.0
0.0,0.0,0.0,0.0,0.0,0.0,0.0,0.0,0.0,0.0,0.0,0.0,0.0,0.0,0.0,0.0,0.0,0.0,0.0,0.0,0.0,0.0
0.398409366607666,0.42211100459098816,0.3210279941558838,0.4859652519226074,0.3107340335845947,0.3656890094280243,0.2914673686027527,0.5469154119491577,0.24204950034618378,0.2741696834564209,0.5428050756454468,0.5994673371315002,0.4480781555175781,0.1033162996172905,0.9306241869926453,0.73212069272995,0.8728436231613159,0.04063984379172325,0.0,0.0,0.0,0.0
0.7561182379722595,0.881597638130188,0.717334508895874,0.8941017389297485,0.716797947883606,0.8832883238792419,0.674498975276947,0.8400728106498718,0.679492712020874,0.7888789176940918,0.0,0.0,0.7671583890914917,0.6407756805419922,0.0,0.0,0.0,0.0,0.8044533729553223,0.8154014945030212,0.0,0.0
0.5552399754524231,0.7155046463012695,0.5019835829734802,0.7577447891235352,0.4942113757133484,0.6763581037521362,0.44272908568382263,0.8214711546897888,0.4598811864852905,0.6083073616027832,0.6807612180709839,0.9428557753562927,0.6196505427360535,0.5480281710624695,0.0,0.0,0.0,0.0,0.2830306887626648,0.6463038921356201,0.0,0.0
0.5387778282165527,0.6732544302940369,0.47282642126083374,0.7176047563552856,0.48017197847366333,0.6300333738327026,0.4294869303703308,0.7805321216583252,0.45441147685050964,0.5823612213134766,0.6466733813285828,0.9147059917449951,0.702992856502533,0.540664553642273,0.0,0.0,0.0,0.0,0.0,0.0,0.0,0.0
0.39409419894218445,0.34920984506607056,0.3462297320365906,0.40651875734329224,0.3393474817276001,0.3127628564834595,0.4037137031555176,0.4579506516456604,0.36243319511413574,0.2654326558113098,0.6987526416778564,0.4785122275352478,0.5800613760948181,0.12015555799007416,0.0,0.0,0.9233764410018921,0.035346947610378265,0.0,0.0,0.0,0.0
0.0,0.0,0.0,0.0,0.0,0.0,0.0,0.0,0.0,0.0,0.0,0.0,0.0,0.0,0.0,0.0,0.0,0.0,0.0,0.0,0.0,0.0
0.5160064697265625,0.6309178471565247,0.4263485372066498,0.6623363494873047,0.4566228985786438,0.5861427783966064,0.41107726097106934,0.6908246874809265,0.4673147201538086,0.5364538431167603,0.6102383136749268,0.8698499202728271,0.7242088317871094,0.5030103921890259,0.9782075881958008,0.9588384628295898,0.0,0.0,0.0,0.0,0.0,0.0
0.0,0.0,0.0,0.0,0.0,0.0,0.0,0.0,0.0,0.0,0.0,0.0,0.0,0.0,0.0,0.0,0.0,0.0,0.0,0.0,0.0,0.0
0.40494808554649353,0.29631465673446655,0.3408762812614441,0.33120283484458923,0.3437846899032593,0.26421934366226196,0.4112875461578369,0.37402579188346863,0.3996920585632324,0.21234524250030518,0.6914055347442627,0.4533920884132385,0.6469051241874695,0.09129500389099121,0.9792286157608032,0.534872829914093,0.968517541885376,0.03842955082654953,0.0,0.0,0.0,0.0
0.7023265361785889,0.7898390293121338,0.0,0.0,0.6627855896949768,0.7943677306175232,0.0,0.0,0.6424793601036072,0.7989392280578613,0.0,0.0,0.0,0.0,0.0,0.0,0.0,0.0,0.0,0.0,0.0,0.0
0.46496355533599854,0.3884218633174896,0.42250511050224304,0.42045456171035767,0.3990846276283264,0.3523002862930298,0.4556640088558197,0.4394000470638275,0.40466469526290894,0.2840774655342102,0.7141710519790649,0.4726872444152832,0.6370573043823242,0.0942055806517601,0.0,0.0,0.9696602821350098,0.04199814796447754,0.0,0.0,0.0,0.0
0.328564316034317,0.6538074016571045,0.2743569016456604,0.6317391395568848,0.2768518328666687,0.6700855493545532,0.30343276262283325,0.548019289970398,0.30371421575546265,0.6978117227554321,0.6913474798202515,0.5814255475997925,0.6995028257369995,0.5661875009536743,0.9773255586624146,0.9661737680435181,0.9733971357345581,0.9632440805435181,0.7091614603996277,0.7852288484573364,0.7068750262260437,0.7852217555046082
0.4534645080566406,0.4532383382320404,0.37747225165367126,0.5076991319656372,0.3674160838127136,0.3931539058685303,0.3399330973625183,0.560875654220581,0.30780357122421265,0.2823314964771271,0.5279850959777832,0.6011375188827515,0.3903811573982239,0.12773990631103516,0.8864809274673462,0.687816858291626,0.9461650252342224,0.013765096664428711,0.0,0.0,0.0,0.0
0.7100858688354492,0.8194791674613953,0.0,0.0,0.6571106314659119,0.8178653717041016,0.0,0.0,0.6123963594436646,0.8215457797050476,0.0,0.0,0.0,0.0,0.0,0.0,0.0,0.0,0.0,0.0,0.0,0.0
0.0,0.0,0.0,0.0,0.0,0.0,0.0,0.0,0.0,0.0,0.0,0.0,0.0,0.0,0.0,0.0,0.0,0.0,0.0,0.0,0.0,0.0
0.0,0.0,0.0,0.0,0.0,0.0,0.36372655630111694,0.21946370601654053,0.3794935345649719,0.4265284240245819,0.6623916625976562,0.09819715470075607,0.6540722250938416,0.4402701258659363,0.9744893908500671,0.03852086514234543,0.0,0.0,0.0,0.0,0.0,0.0
0.0,0.0,0.0,0.0,0.0,0.0,0.0,0.0,0.0,0.0,0.0,0.0,0.0,0.0,0.0,0.0,0.0,0.0,0.0,0.0,0.0,0.0
0.4653661847114563,0.6729151010513306,0.4053134620189667,0.7061785459518433,0.42471930384635925,0.6382840275764465,0.3629704713821411,0.7688155174255371,0.4220579266548157,0.6101515293121338,0.5914127826690674,0.9126729369163513,0.6284842491149902,0.5767027139663696,0.9292380213737488,0.9699718356132507,0.9310307502746582,0.5054798722267151,0.0,0.0,0.0,0.0
0.5228927135467529,0.27482062578201294,0.4397328794002533,0.3341089189052582,0.4530251920223236,0.19673560559749603,0.0,0.0,0.3409798741340637,0.0961388349533081,0.5090384483337402,0.5525155067443848,0.5274728536605835,0.049447350203990936,0.9212621450424194,0.7027081847190857,0.0,0.0,0.0,0.0,0.0,0.0
0.5479863286018372,0.31102868914604187,0.4955737590789795,0.3487128019332886,0.49204549193382263,0.26947763562202454,0.45107483863830566,0.40302574634552,0.4446696639060974,0.20931541919708252,0.6790802478790283,0.454022616147995,0.6589999198913574,0.103352390229702,0.9674447774887085,0.5417563915252686,0.961718738079071,0.03448373079299927,0.0,0.0,0.0,0.0
0.0,0.0,0.0,0.0,0.0,0.0,0.0,0.0,0.0,0.0,0.0,0.0,0.0,0.0,0.0,0.0,0.0,0.0,0.0,0.0,0.0,0.0
0.4178900122642517,0.43351465463638306,0.0,0.0,0.0,0.0,0.0,0.0,0.41485095024108887,0.4289620816707611,0.0,0.0,0.0,0.0,0.0,0.0,0.0,0.0,0.0,0.0,0.674593448638916,0.46236512064933777
0.6957166194915771,0.16643336415290833,0.0,0.0,0.0,0.0,0.6207997798919678,0.1456204354763031,0.0,0.0,0.6318585872650146,0.23991386592388153,0.0,0.0,0.0,0.0,0.789465606212616,0.3118380904197693,0.8062260150909424,0.18314401805400848,0.0,0.0
0.3882572650909424,0.3595115840435028,0.32582980394363403,0.40324556827545166,0.32479673624038696,0.3075788617134094,0.336214542388916,0.4388952851295471,0.3297681510448456,0.21530237793922424,0.5627979636192322,0.4895817041397095,0.5913035869598389,0.09631051868200302,0.7681087851524353,0.5935041904449463,0.0,0.0,0.744773805141449,0.6114442348480225,0.0,0.0
0.0,0.0,0.0,0.0,0.0,0.0,0.0,0.0,0.0,0.0,0.0,0.0,0.4955070912837982,0.08770265430212021,0.7710749506950378,0.5008190274238586,0.0,0.0,0.6577601432800293,0.5584598779678345,0.0,0.0
0.3651654124259949,0.3451605439186096,0.3041979968547821,0.40345579385757446,0.2939264178276062,0.29836541414260864,0.33616527915000916,0.46054744720458984,0.30781248211860657,0.2482200562953949,0.5946695804595947,0.5163924694061279,0.5452110767364502,0.07126650214195251,0.0,0.0,0.9704582095146179,0.03297758847475052,0.0,0.0,0.0,0.0
0.37579643726348877,0.34454065561294556,0.31101444363594055,0.3980763554573059,0.29856234788894653,0.2950250804424286,0.3381770849227905,0.4610411524772644,0.3050925135612488,0.2547703981399536,0.6133913397789001,0.5014057159423828,0.5517775416374207,0.08135443925857544,0.0,0.0,0.9722695350646973,0.033579349517822266,0.0,0.0,0.0,0.0
0.0,0.0,0.0,0.0,0.0,0.0,0.0,0.0,0.0,0.0,0.0,0.0,0.0,0.0,0.0,0.0,0.0,0.0,0.0,0.0,0.0,0.0
0.42746371030807495,0.6438707113265991,0.36382246017456055,0.6951806545257568,0.3663937747478485,0.5958520174026489,0.34469103813171387,0.7844704985618591,0.36113059520721436,0.5509700775146484,0.6065964102745056,0.9088575839996338,0.5809480547904968,0.4847239851951599,0.9706360697746277,0.9252889156341553,0.0,0.0,0.0,0.0,0.8128130435943604,0.4675038456916809
0.5559539794921875,0.3780554234981537,0.4886872172355652,0.4114716947078705,0.4847305417060852,0.3623959720134735,0.0,0.0,0.3922092318534851,0.33691585063934326,0.6806735992431641,0.5155582427978516,0.5026794672012329,0.12767599523067474,0.9747827053070068,0.6274980306625366,0.9409977793693542,0.014540101401507854,0.0,0.0,0.0,0.0
0.29288583993911743,0.335094153881073,0.23068325221538544,0.3690394163131714,0.23007044196128845,0.27903956174850464,0.27448970079421997,0.4235365092754364,0.2517668902873993,0.21892094612121582,0.6144038438796997,0.44767308235168457,0.5916661024093628,0.055754974484443665,0.0,0.0,0.0,0.0,0.0,0.0,0.0,0.0
0.2941822409629822,0.6228143572807312,0.2194840908050537,0.6769881248474121,0.22938546538352966,0.5875891447067261,0.22693365812301636,0.7714781761169434,0.0,0.0,0.6055561304092407,0.9355674982070923,0.5284982919692993,0.5436409115791321,0.0,0.0,0.8484100103378296,0.4758002460002899,0.0,0.0,0.0,0.0
0.38054534792900085,0.3280332386493683,0.31437480449676514,0.3694489598274231,0.31466323137283325,0.27299779653549194,0.32166755199432373,0.4094102382659912,0.3320379853248596,0.19528141617774963,0.5807721614837646,0.5129374265670776,0.6062663793563843,0.05854155123233795,0.0,0.0,0.0,0.0,0.0,0.0,0.0,0.0
0.6789093017578125,0.8231297731399536,0.0,0.0,0.0,0.0,0.0,0.0,0.0,0.0,0.0,0.0,0.0,0.0,0.0,0.0,0.0,0.0,0.0,0.0,0.0,0.0
0.35938453674316406,0.7188326716423035,0.2922375500202179,0.7831994891166687,0.2787998914718628,0.6682409048080444,0.3255819082260132,0.8374768495559692,0.3025999367237091,0.6079654097557068,0.6064668893814087,0.9392454028129578,0.5748007297515869,0.4985348582267761,0.0,0.0,0.0,0.0,0.0,0.0,0.0,0.0
0.35971564054489136,0.23551857471466064,0.2809363603591919,0.2898201048374176,0.29780200123786926,0.18417882919311523,0.3034748435020447,0.3754337728023529,0.32495754957199097,0.1454547494649887,0.5952534079551697,0.4941276013851166,0.6172547340393066,0.036615654826164246,0.0,0.0,0.0,0.0,0.0,0.0,0.0,0.0
0.4088171720504761,0.3231322765350342,0.3373405933380127,0.3738512694835663,0.3433016538619995,0.2721131443977356,0.3390463590621948,0.43683144450187683,0.341736763715744,0.20229928195476532,0.6125384569168091,0.5289982557296753,0.5881317853927612,0.08613946288824081,0.0,0.0,0.0,0.0,0.0,0.0,0.0,0.0
0.0,0.0,0.0,0.0,0.0,0.0,0.0,0.0,0.0,0.0,0.0,0.0,0.0,0.0,0.0,0.0,0.0,0.0,0.0,0.0,0.0,0.0
0.0,0.0,0.0,0.0,0.0,0.0,0.0,0.0,0.0,0.0,0.0,0.0,0.0,0.0,0.0,0.0,0.0,0.0,0.0,0.0,0.0,0.0
0.0,0.0,0.0,0.0,0.0,0.0,0.0,0.0,0.0,0.0,0.0,0.0,0.0,0.0,0.0,0.0,0.0,0.0,0.0,0.0,0.0,0.0
0.3739703297615051,0.6043999195098877,0.32026976346969604,0.613200843334198,0.3169243335723877,0.5894249081611633,0.2617988586425781,0.4301784634590149,0.25429290533065796,0.40650472044944763,0.0,0.0,0.6380805969238281,0.3179696500301361,0.0,0.0,0.0,0.0,0.0,0.0,0.0,0.0
0.2887062132358551,0.598275363445282,0.23974178731441498,0.5911966562271118,0.23657846450805664,0.5703983306884766,0.22182874381542206,0.4374241828918457,0.21519331634044647,0.3961443305015564,0.0,0.0,0.4860531985759735,0.30717766284942627,0.0,0.0,0.0,0.0,0.0,0.0,0.0,0.0
0.0,0.0,0.0,0.0,0.0,0.0,0.0,0.0,0.5864390134811401,0.4866350591182709,0.0,0.0,0.0,0.0,0.0,0.0,0.0,0.0,0.0,0.0,0.0,0.0
0.0,0.0,0.0,0.0,0.0,0.0,0.0,0.0,0.0,0.0,0.0,0.0,0.0,0.0,0.0,0.0,0.0,0.0,0.0,0.0,0.0,0.0
0.0,0.0,0.0,0.0,0.0,0.0,0.0,0.0,0.0,0.0,0.0,0.0,0.0,0.0,0.0,0.0,0.0,0.0,0.0,0.0,0.0,0.0
0.3949619233608246,0.3602942228317261,0.3198704719543457,0.4048651158809662,0.3173730969429016,0.31232017278671265,0.3336055874824524,0.45716139674186707,0.3159407377243042,0.2298710197210312,0.5903615951538086,0.5421615839004517,0.5860627293586731,0.09445654600858688,0.0,0.0,0.0,0.0,0.0,0.0,0.0,0.0
0.0,0.0,0.0,0.0,0.0,0.0,0.0,0.0,0.0,0.0,0.0,0.0,0.0,0.0,0.0,0.0,0.0,0.0,0.0,0.0,0.0,0.0
0.0,0.0,0.0,0.0,0.0,0.0,0.5670804977416992,0.45088523626327515,0.0,0.0,0.49837765097618103,0.8188236951828003,0.0,0.0,0.0,0.0,0.0,0.0,0.0,0.0,0.0,0.0
0.0,0.0,0.0,0.0,0.0,0.0,0.0,0.0,0.0,0.0,0.0,0.0,0.0,0.0,0.0,0.0,0.0,0.0,0.0,0.0,0.0,0.0
0.0,0.0,0.0,0.0,0.0,0.0,0.0,0.0,0.0,0.0,0.0,0.0,0.0,0.0,0.0,0.0,0.0,0.0,0.0,0.0,0.0,0.0
0.40091678500175476,0.6217177510261536,0.32886314392089844,0.6751735210418701,0.33935877680778503,0.5725276470184326,0.3353371024131775,0.7594162225723267,0.3493967056274414,0.5318361520767212,0.5853555202484131,0.8933379650115967,0.6067376732826233,0.4418491721153259,0.0,0.0,0.0,0.0,0.0,0.0,0.0,0.0
0.39638552069664,0.37007761001586914,0.33172085881233215,0.4214874505996704,0.3319709300994873,0.32800373435020447,0.3437264859676361,0.4653942584991455,0.33260467648506165,0.24504855275154114,0.5945526957511902,0.5544619560241699,0.5865939855575562,0.10895230621099472,0.0,0.0,0.0,0.0,0.9071583151817322,0.5336539149284363,0.0,0.0
0.4649040102958679,0.5168877840042114,0.4273909330368042,0.5190932750701904,0.4095366895198822,0.5255110263824463,0.4328499734401703,0.6285650134086609,0.0,0.0,0.0,0.0,0.5071786046028137,0.71242755651474,0.0,0.0,0.0,0.0,0.0,0.0,0.0,0.0
0.0,0.0,0.0,0.0,0.0,0.0,0.0,0.0,0.45791828632354736,0.3533143699169159,0.0,0.0,0.0,0.0,0.0,0.0,0.0,0.0,0.0,0.0,0.7485648393630981,0.41722142696380615
0.0,0.0,0.0,0.0,0.0,0.0,0.0,0.0,0.0,0.0,0.0,0.0,0.0,0.0,0.0,0.0,0.0,0.0,0.0,0.0,0.0,0.0
0.0,0.0,0.5962296724319458,0.0722740888595581,0.0,0.0,0.0,0.0,0.0,0.0,0.0,0.0,0.0,0.0,0.0,0.0,0.0,0.0,0.0,0.0,0.0,0.0
0.0,0.0,0.5226260423660278,0.8926896452903748,0.5024042129516602,0.8616573810577393,0.0,0.0,0.3098883330821991,0.7228955030441284,0.0,0.0,0.0,0.0,0.0,0.0,0.0,0.0,0.0,0.0,0.0,0.0
0.554735004901886,0.6841645240783691,0.479509562253952,0.6888912916183472,0.48183080554008484,0.6568800806999207,0.0,0.0,0.4666788578033447,0.6235942244529724,0.6446691751480103,0.9191421866416931,0.7217082977294922,0.5367305874824524,0.0,0.0,0.0,0.0,0.0,0.0,0.0,0.0
0.42077070474624634,0.6254463195800781,0.34868842363357544,0.6791965961456299,0.3584698438644409,0.5772504806518555,0.3435213267803192,0.7621177434921265,0.3608348071575165,0.5300819873809814,0.5915566682815552,0.8869439363479614,0.6222178936004639,0.4507121443748474,0.9690143465995789,0.9139556288719177,0.0,0.0,0.0,0.0,0.0,0.0
0.37393492460250854,0.3454814851284027,0.30251169204711914,0.3789529502391815,0.2968243956565857,0.2845984995365143,0.3122673034667969,0.38490140438079834,0.29808616638183594,0.1760469526052475,0.603878378868103,0.5056407451629639,0.6229408979415894,0.032164063304662704,0.0,0.0,0.0,0.0,0.0,0.0,0.0,0.0
0.251644492149353,0.6821253299713135,0.19711443781852722,0.730212390422821,0.20698750019073486,0.6285839080810547,0.25895363092422485,0.7893993258476257,0.2776612639427185,0.5720579624176025,0.5624906420707703,0.9668282270431519,0.6468851566314697,0.511360764503479,0.0,0.0,0.0,0.0,0.0,0.0,0.0,0.0
0.3080487847328186,0.35777539014816284,0.2601669728755951,0.3330382704734802,0.2568508982658386,0.37658727169036865,0.3007183074951172,0.29829737544059753,0.2828320860862732,0.44826632738113403,0.7027028799057007,0.4356774091720581,0.6092582941055298,0.1204502210021019,0.0,0.0,0.0,0.0,0.0,0.0,0.6949870586395264,0.2190956175327301
0.3762320280075073,0.3667614161968231,0.3151383399963379,0.4068851172924042,0.30178308486938477,0.3122258186340332,0.32869988679885864,0.42964279651641846,0.2973707318305969,0.21323958039283752,0.6123558878898621,0.5341106057167053,0.6123258471488953,0.0543939545750618,0.0,0.0,0.0,0.0,0.0,0.0,0.0,0.0
0.26458194851875305,0.7000498175621033,0.21316775679588318,0.7432378530502319,0.2216419279575348,0.6540144681930542,0.2726929783821106,0.796720027923584,0.2895345985889435,0.5804973244667053,0.5613467693328857,0.9600483179092407,0.6424341201782227,0.5176745653152466,0.0,0.0,0.0,0.0,0.0,0.0,0.0,0.0
0.26755058765411377,0.37723398208618164,0.21379300951957703,0.375163197517395,0.20633214712142944,0.3348504304885864,0.2141413539648056,0.2332606166601181,0.2164618968963623,0.12926505506038666,0.0,0.0,0.0,0.0,0.0,0.0,0.0,0.0,0.0,0.0,0.0,0.0
0.5963113307952881,0.3161623775959015,0.5409675240516663,0.35536107420921326,0.5404372215270996,0.2786339521408081,0.49742603302001953,0.4071680009365082,0.49241751432418823,0.21356117725372314,0.7194861769676208,0.44645294547080994,0.6674414873123169,0.10708479583263397,0.9810622930526733,0.5376112461090088,0.9686643481254578,0.0395386703312397,0.0,0.0,0.0,0.0
0.0,0.0,0.0,0.0,0.0,0.0,0.0,0.0,0.0,0.0,0.0,0.0,0.0,0.0,0.0,0.0,0.0,0.0,0.0,0.0,0.0,0.0
0.27628421783447266,0.3597876727581024,0.22960256040096283,0.40714210271835327,0.21283605694770813,0.2956697642803192,0.27842485904693604,0.44529566168785095,0.26377665996551514,0.2078048586845398,0.6474008560180664,0.512396514415741,0.5844460725784302,0.022984366863965988,0.0,0.0,0.0,0.0,0.0,0.0,0.0,0.0
0.33617693185806274,0.4168330430984497,0.28561803698539734,0.4452407956123352,0.25326216220855713,0.38587066531181335,0.0,0.0,0.2875644266605377,0.29810380935668945,0.594843864440918,0.6266788244247437,0.5482243299484253,0.12781205773353577,0.0,0.0,0.0,0.0,0.0,0.0,0.7364175319671631,0.40153297781944275
0.3853115439414978,0.6630264520645142,0.31726187467575073,0.7197694778442383,0.32445716857910156,0.6188198328018188,0.3233754336833954,0.7940623760223389,0.33045005798339844,0.5691988468170166,0.5987437963485718,0.917865514755249,0.5576581358909607,0.4662235379219055,0.0,0.0,0.8810101747512817,0.46854132413864136,0.0,0.0,0.0,0.0
0.27133649587631226,0.3892900347709656,0.22481869161128998,0.38875481486320496,0.21163159608840942,0.3549357056617737,0.20500582456588745,0.2533213496208191,0.2125675529241562,0.15028737485408783,0.0,0.0,0.5533136129379272,0.12741899490356445,0.0,0.0,0.0,0.0,0.0,0.0,0.0,0.0
0.0,0.0,0.0,0.0,0.0,0.0,0.0,0.0,0.5820273756980896,0.25651368498802185,0.0,0.0,0.0,0.0,0.0,0.0,0.0,0.0,0.0,0.0,0.0,0.0
0.7040924429893494,0.16832801699638367,0.6728020906448364,0.15189874172210693,0.6785329580307007,0.1438663899898529,0.6324562430381775,0.17465876042842865,0.0,0.0,0.0,0.0,0.0,0.0,0.0,0.0,0.0,0.0,0.0,0.0,0.0,0.0
0.2374439239501953,0.36665889620780945,0.19291183352470398,0.36887258291244507,0.1788393259048462,0.3114292323589325,0.0,0.0,0.19904844462871552,0.1090652272105217,0.0,0.0,0.545319676399231,0.14490678906440735,0.0,0.0,0.0,0.0,0.0,0.0,0.0,0.0
0.2408907413482666,0.3536413609981537,0.19354939460754395,0.3495416045188904,0.17702458798885345,0.3066575527191162,0.2158302366733551,0.3204174041748047,0.0,0.0,0.0,0.0,0.0,0.0,0.0,0.0,0.0,0.0,0.0,0.0,0.0,0.0
0.5511367321014404,0.31866857409477234,0.5072525143623352,0.35587823390960693,0.497718870639801,0.28316599130630493,0.4777296483516693,0.4052111506462097,0.45239242911338806,0.2185993194580078,0.7106252908706665,0.44654104113578796,0.6540353894233704,0.08908402174711227,0.9763308763504028,0.5271761417388916,0.0,0.0,0.0,0.0,0.0,0.0
0.0,0.0,0.0,0.0,0.22731630504131317,0.6151505708694458,0.0,0.0,0.0,0.0,0.0,0.0,0.0,0.0,0.0,0.0,0.8745288848876953,0.6590234041213989,0.0,0.0,0.5993026494979858,0.354571670293808
0.0,0.0,0.0,0.0,0.0,0.0,0.0,0.0,0.0,0.0,0.0,0.0,0.0,0.0,0.0,0.0,0.0,0.0,0.0,0.0,0.0,0.0
0.0,0.0,0.0,0.0,0.20981675386428833,0.3515985906124115,0.0,0.0,0.0,0.0,0.0,0.0,0.0,0.0,0.8925606608390808,0.3603302240371704,0.0,0.0,0.6101850271224976,0.6378167867660522,0.6059199571609497,0.6378491520881653
0.0,0.0,0.0,0.0,0.0,0.0,0.0,0.0,0.0,0.0,0.0,0.0,0.0,0.0,0.0,0.0,0.0,0.0,0.0,0.0,0.0,0.0
0.5002977848052979,0.2901318371295929,0.44949349761009216,0.32964831590652466,0.44324538111686707,0.2528616189956665,0.4244639277458191,0.3748096227645874,0.4118513762950897,0.20135149359703064,0.6302487850189209,0.4254525601863861,0.5802526473999023,0.10618802905082703,0.9166954755783081,0.4863264262676239,0.8755800724029541,0.02948201820254326,0.0,0.0,0.0,0.0
0.2822800278663635,0.4900705814361572,0.23930203914642334,0.4740869402885437,0.2382955402135849,0.4556058645248413,0.2609322667121887,0.3175939917564392,0.2595704197883606,0.2875520586967468,0.5103863477706909,0.41119837760925293,0.4758879840373993,0.2248963564634323,0.0,0.0,0.8168452978134155,0.534187912940979,0.5085016489028931,0.7006737589836121,0.513583779335022,0.660723090171814
0.0,0.0,0.0,0.0,0.19887784123420715,0.6657261252403259,0.0,0.0,0.0,0.0,0.0,0.0,0.0,0.0,0.0,0.0,0.0,0.0,0.0,0.0,0.5767600536346436,0.3516847491264343
0.27932673692703247,0.513113260269165,0.23689310252666473,0.5462890267372131,0.24306201934814453,0.5212767124176025,0.2594660222530365,0.7154028415679932,0.2639583647251129,0.6616028547286987,0.42092975974082947,0.8068559169769287,0.5084353089332581,0.5422669053077698,0.0,0.0,0.8310138583183289,0.3737656772136688,0.5079119205474854,0.31901299953460693,0.5228964686393738,0.3061913549900055
0.27376919984817505,0.5178762674331665,0.2340075820684433,0.5551656484603882,0.24071359634399414,0.5275737047195435,0.26788416504859924,0.7164825797080994,0.2658800184726715,0.6597306728363037,0.4346839189529419,0.7945473194122314,0.5090463161468506,0.5567624568939209,0.8037772178649902,0.48388028144836426,0.816551923751831,0.3788185715675354,0.0,0.0,0.5310960412025452,0.30634433031082153
0.5423799157142639,0.24007317423820496,0.0,0.0,0.4370206594467163,0.17276571691036224,0.0,0.0,0.11633279174566269,0.3840855062007904,0.4936368465423584,0.5465426445007324,0.0,0.0,0.9538834095001221,0.7200505137443542,0.0,0.0,0.0,0.0,0.0,0.0
0.21873466670513153,0.34170281887054443,0.18019771575927734,0.35480114817619324,0.15173618495464325,0.27506154775619507,0.25330477952957153,0.35582491755485535,0.18962065875530243,0.08683229982852936,0.0,0.0,0.0,0.0,0.0,0.0,0.0,0.0,0.0,0.0,0.0,0.0
0.2765187621116638,0.4893907904624939,0.2326802909374237,0.47164949774742126,0.22870784997940063,0.4539458751678467,0.26212218403816223,0.3144928812980652,0.25864335894584656,0.28227105736732483,0.5236878991127014,0.4208153486251831,0.4436657130718231,0.19246900081634521,0.800235390663147,0.6293204426765442,0.8135770559310913,0.5647501349449158,0.529250979423523,0.6912629008293152,0.5137016177177429,0.6813930869102478
0.27972859144210815,0.5111892819404602,0.23669183254241943,0.5466726422309875,0.24234914779663086,0.5230250358581543,0.27317845821380615,0.7187504172325134,0.26995497941970825,0.6352401375770569,0.43428871035575867,0.814630925655365,0.520858883857727,0.5651295185089111,0.8263939619064331,0.41709181666374207,0.8226041793823242,0.377920001745224,0.492684006690979,0.32073768973350525,0.5120134353637695,0.31626981496810913
0.2905679941177368,0.49521979689598083,0.2528902292251587,0.48128801584243774,0.24600616097450256,0.45803725719451904,0.2774481177330017,0.32044240832328796,0.2750900387763977,0.2767032980918884,0.5169957876205444,0.41370344161987305,0.44300660490989685,0.18795233964920044,0.8551570177078247,0.5994338989257812,0.0,0.0,0.5455400943756104,0.6875759959220886,0.0,0.0
0.3000420331954956,0.5012116432189941,0.2567523121833801,0.48614701628685,0.25538498163223267,0.4643327593803406,0.28161853551864624,0.3310781717300415,0.27932554483413696,0.2897756099700928,0.5305036306381226,0.41921839118003845,0.4392271637916565,0.19022952020168304,0.8525174856185913,0.6052875518798828,0.0,0.0,0.5458546280860901,0.6849695444107056,0.0,0.0
0.0,0.0,0.0,0.0,0.0,0.0,0.0,0.0,0.0,0.0,0.0,0.0,0.49194103479385376,0.12348124384880066,0.0,0.0,0.0,0.0,0.0,0.0,0.0,0.0
0.27701514959335327,0.5836578011512756,0.21838834881782532,0.6238030195236206,0.19736340641975403,0.5164618492126465,0.2396048754453659,0.6087764501571655,0.20688384771347046,0.3540615737438202,0.5564214587211609,0.6360359191894531,0.4550679624080658,0.14121004939079285,0.814776599407196,0.8510785102844238,0.8300826549530029,0.017346838489174843,0.0,0.0,0.8072518706321716,0.5774210691452026
0.5581563115119934,0.6562197804450989,0.5446937680244446,0.7019108533859253,0.4933727979660034,0.6382051706314087,0.0,0.0,0.0,0.0,0.0,0.0,0.0,0.0,0.0,0.0,0.0,0.0,0.0,0.0,0.0,0.0
0.47996407747268677,0.6233705282211304,0.4337131977081299,0.6036279797554016,0.4428030252456665,0.5983425378799438,0.0,0.0,0.4854244887828827,0.4630156457424164,0.0,0.0,0.7135257720947266,0.2918621897697449,0.0,0.0,0.0,0.0,0.0,0.0,0.0,0.0
0.4246302545070648,0.31660306453704834,0.3546397387981415,0.3535708785057068,0.3670528829097748,0.25125691294670105,0.36037755012512207,0.4046517312526703,0.40002796053886414,0.17249922454357147,0.6171354055404663,0.5387239456176758,0.6747061610221863,0.12785714864730835,0.0,0.0,0.0,0.0,0.0,0.0,0.9668220281600952,0.43986302614212036
0.3231014311313629,0.6089692711830139,0.27584153413772583,0.6068679094314575,0.2731240689754486,0.5899639129638672,0.23846030235290527,0.459377646446228,0.23233839869499207,0.4361823797225952,0.47368869185447693,0.41158682107925415,0.5050849318504333,0.2707790732383728,0.0,0.0,0.0,0.0,0.0,0.0,0.0,0.0
0.0,0.0,0.0,0.0,0.0,0.0,0.0,0.0,0.0,0.0,0.0,0.0,0.0,0.0,0.0,0.0,0.0,0.0,0.0,0.0,0.0,0.0
0.27328431606292725,0.49296605587005615,0.22376877069473267,0.49126261472702026,0.20760586857795715,0.454073041677475,0.2109726518392563,0.3143121600151062,0.2085598111152649,0.2615318298339844,0.5368301868438721,0.4112061858177185,0.4193016290664673,0.0772429034113884,0.0,0.0,0.0,0.0,0.0,0.0,0.0,0.0
0.0,0.0,0.0,0.0,0.0,0.0,0.0,0.0,0.0,0.0,0.0,0.0,0.0,0.0,0.0,0.0,0.0,0.0,0.0,0.0,0.0,0.0
0.2322797030210495,0.6430752277374268,0.1761588305234909,0.6830558776855469,0.1926911175251007,0.6367626786231995,0.19826941192150116,0.874764084815979,0.0,0.0,0.0,0.0,0.48536211252212524,0.7467579245567322,0.0,0.0,0.0,0.0,0.0,0.0,0.0,0.0
0.0,0.0,0.0,0.0,0.0,0.0,0.0,0.0,0.0,0.0,0.0,0.0,0.0,0.0,0.0,0.0,0.0,0.0,0.0,0.0,0.0,0.0
0.0,0.0,0.0,0.0,0.0,0.0,0.0,0.0,0.0,0.0,0.0,0.0,0.0,0.0,0.0,0.0,0.0,0.0,0.0,0.0,0.0,0.0
0.75327467918396,0.818210244178772,0.0,0.0,0.7059540152549744,0.8186553716659546,0.0,0.0,0.6552783846855164,0.8204195499420166,0.0,0.0,0.0,0.0,0.0,0.0,0.0,0.0,0.0,0.0,0.0,0.0
0.0,0.0,0.0,0.0,0.0,0.0,0.0,0.0,0.0,0.0,0.0,0.0,0.0,0.0,0.0,0.0,0.6901397705078125,0.9082052707672119,0.0,0.0,0.0,0.0
0.0,0.0,0.0,0.0,0.0,0.0,0.0,0.0,0.0,0.0,0.0,0.0,0.0,0.0,0.0,0.0,0.0,0.0,0.0,0.0,0.0,0.0
0.0,0.0,0.0,0.0,0.0,0.0,0.0,0.0,0.0,0.0,0.0,0.0,0.0,0.0,0.0,0.0,0.0,0.0,0.0,0.0,0.0,0.0
0.0,0.0,0.0,0.0,0.0,0.0,0.0,0.0,0.0,0.0,0.0,0.0,0.0,0.0,0.33001503348350525,0.5850115418434143,0.3273054361343384,0.5775452852249146,0.0,0.0,0.0,0.0
0.0,0.0,0.0,0.0,0.0,0.0,0.0,0.0,0.0,0.0,0.0,0.0,0.0,0.0,0.0,0.0,0.0,0.0,0.0,0.0,0.0,0.0
0.5720889568328857,0.7351958751678467,0.5509302616119385,0.7871155142784119,0.48464179039001465,0.6961292028427124,0.5706176161766052,0.7923587560653687,0.4620569348335266,0.6196432709693909,0.710305392742157,0.7686318159103394,0.5733293294906616,0.40541160106658936,0.0,0.0,0.8804936408996582,0.1981399655342102,0.0,0.0,0.0,0.0
0.0,0.0,0.0,0.0,0.0,0.0,0.0,0.0,0.49319788813591003,0.47381526231765747,0.0,0.0,0.0,0.0,0.0,0.0,0.0,0.0,0.0,0.0,0.663314938545227,0.7398564219474792
0.3034060597419739,0.2225232571363449,0.23168277740478516,0.30028069019317627,0.22604791820049286,0.1861838698387146,0.2203104943037033,0.4730784595012665,0.22293594479560852,0.19083309173583984,0.37474748492240906,0.6519429087638855,0.4105548858642578,0.12231504917144775,0.0,0.0,0.0,0.0,0.0,0.0,0.0,0.0
0.6650149822235107,0.7533061504364014,0.0,0.0,0.6142281889915466,0.7105514407157898,0.0,0.0,0.5910709500312805,0.5690412521362305,0.0,0.0,0.0,0.0,0.0,0.0,0.0,0.0,0.0,0.0,0.0,0.0
0.4836447238922119,0.744825541973114,0.42196768522262573,0.7961744070053101,0.41962456703186035,0.6884331703186035,0.3395242393016815,0.8760272264480591,0.3248388171195984,0.554591178894043,0.38956981897354126,0.8816903829574585,0.0,0.0,0.0,0.0,0.0,0.0,0.0,0.0,0.6152448058128357,0.8493019342422485
0.5796962380409241,0.539126992225647,0.512140154838562,0.5673643350601196,0.524183988571167,0.46920228004455566,0.4618958830833435,0.6131806373596191,0.5229860544204712,0.35080286860466003,0.6131249070167542,0.7271701097488403,0.6548184752464294,0.24520805478096008,0.8784675002098083,0.8051256537437439,0.0,0.0,0.0,0.0,0.0,0.0
0.0,0.0,0.0,0.0,0.0,0.0,0.0,0.0,0.0,0.0,0.0,0.0,0.0,0.0,0.0,0.0,0.0,0.0,0.0,0.0,0.8538116216659546,0.15309351682662964
0.0,0.0,0.0,0.0,0.0,0.0,0.0,0.0,0.0,0.0,0.0,0.0,0.0,0.0,0.0,0.0,0.0,0.0,0.5728696584701538,0.268883615732193,0.0,0.0
0.0,0.0,0.0,0.0,0.0,0.0,0.0,0.0,0.0,0.0,0.0,0.0,0.0,0.0,0.0,0.0,0.0,0.0,0.0,0.0,0.0,0.0
0.0,0.0,0.0,0.0,0.0,0.0,0.0,0.0,0.0,0.0,0.0,0.0,0.0,0.0,0.0,0.0,0.0,0.0,0.0,0.0,0.0,0.0
0.0,0.0,0.0,0.0,0.0,0.0,0.0,0.0,0.0,0.0,0.0,0.0,0.0,0.0,0.0,0.0,0.0,0.0,0.0,0.0,0.0,0.0
0.4939044117927551,0.6550964117050171,0.4584917724132538,0.6660682559013367,0.44041919708251953,0.6394655704498291,0.4080382287502289,0.5837353467941284,0.3749833106994629,0.5238921046257019,0.529727578163147,0.45378345251083374,0.4525333344936371,0.3397039771080017,0.6894432306289673,0.6898119449615479,0.6815175414085388,0.6799079179763794,0.4702262878417969,0.9685736894607544,0.5456154346466064,0.6225793361663818
0.5001845359802246,0.551466166973114,0.43591856956481934,0.5774171352386475,0.45199352502822876,0.487535297870636,0.4266015887260437,0.5345288515090942,0.4706515967845917,0.3357968330383301,0.558197021484375,0.6167557239532471,0.5952682495117188,0.20995472371578217,0.7905524969100952,0.8750573992729187,0.8214296698570251,0.1780230849981308,0.0,0.0,0.7233481407165527,0.544851541519165
0.7566892504692078,0.6433182954788208,0.7195897102355957,0.6361084580421448,0.7338025569915771,0.6347740888595581,0.0,0.0,0.7578438520431519,0.5305273532867432,0.0,0.0,0.0,0.0,0.0,0.0,0.0,0.0,0.0,0.0,0.0,0.0
0.0,0.0,0.0,0.0,0.0,0.0,0.0,0.0,0.0,0.0,0.0,0.0,0.0,0.0,0.0,0.0,0.0,0.0,0.0,0.0,0.0,0.0
0.0,0.0,0.0,0.0,0.0,0.0,0.0,0.0,0.0,0.0,0.0,0.0,0.0,0.0,0.0,0.0,0.0,0.0,0.0,0.0,0.0,0.0
0.0,0.0,0.0,0.0,0.0,0.0,0.0,0.0,0.0,0.0,0.0,0.0,0.0,0.0,0.0,0.0,0.0,0.0,0.0,0.0,0.0,0.0
0.30298012495040894,0.8941056132316589,0.3017216622829437,0.9337619543075562,0.29671505093574524,0.9135312438011169,0.0,0.0,0.35629260540008545,0.9226610064506531,0.0,0.0,0.4014945924282074,0.7230204939842224,0.0,0.0,0.0,0.0,0.0,0.0,0.0,0.0
0.0,0.0,0.0,0.0,0.0,0.0,0.0,0.0,0.0,0.0,0.0,0.0,0.0,0.0,0.0,0.0,0.0,0.0,0.0,0.0,0.0,0.0
0.0,0.0,0.0,0.0,0.0,0.0,0.0,0.0,0.0,0.0,0.0,0.0,0.0,0.0,0.0,0.0,0.0,0.0,0.0,0.0,0.0,0.0
0.0,0.0,0.0,0.0,0.0,0.0,0.0,0.0,0.0,0.0,0.0,0.0,0.0,0.0,0.0,0.0,0.0,0.0,0.0,0.0,0.0,0.0
0.0,0.0,0.0,0.0,0.0,0.0,0.0,0.0,0.0,0.0,0.0,0.0,0.0,0.0,0.0,0.0,0.0,0.0,0.0,0.0,0.0,0.0
0.0,0.0,0.0,0.0,0.0,0.0,0.0,0.0,0.0,0.0,0.0,0.0,0.0,0.0,0.0,0.0,0.0,0.0,0.0,0.0,0.0,0.0
0.6115235090255737,0.41978245973587036,0.5726820826530457,0.4855683445930481,0.5458215475082397,0.40573543310165405,0.5839935541152954,0.6532413363456726,0.0,0.0,0.6894240379333496,0.7373906373977661,0.0,0.0,0.0,0.0,0.0,0.0,0.0,0.0,0.0,0.0
0.0,0.0,0.0,0.0,0.0,0.0,0.0,0.0,0.0,0.0,0.0,0.0,0.0,0.0,0.0,0.0,0.0,0.0,0.0,0.0,0.0,0.0
0.0,0.0,0.0,0.0,0.0,0.0,0.0,0.0,0.0,0.0,0.0,0.0,0.0,0.0,0.0,0.0,0.0,0.0,0.0,0.0,0.0,0.0
0.0,0.0,0.0,0.0,0.0,0.0,0.0,0.0,0.0,0.0,0.0,0.0,0.0,0.0,0.0,0.0,0.0,0.0,0.0,0.0,0.0,0.0
0.0,0.0,0.0,0.0,0.0,0.0,0.0,0.0,0.0,0.0,0.0,0.0,0.0,0.0,0.0,0.0,0.0,0.0,0.0,0.0,0.0,0.0
0.0,0.0,0.0,0.0,0.0,0.0,0.0,0.0,0.0,0.0,0.0,0.0,0.0,0.0,0.0,0.0,0.0,0.0,0.0,0.0,0.0,0.0
0.0,0.0,0.0,0.0,0.0,0.0,0.0,0.0,0.0,0.0,0.0,0.0,0.0,0.0,0.0,0.0,0.0,0.0,0.0,0.0,0.0,0.0
0.0,0.0,0.5522174835205078,0.5437988638877869,0.0,0.0,0.0,0.0,0.0,0.0,0.0,0.0,0.0,0.0,0.0,0.0,0.0,0.0,0.0,0.0,0.0,0.0
0.0,0.0,0.0,0.0,0.0,0.0,0.0,0.0,0.0,0.0,0.0,0.0,0.0,0.0,0.0,0.0,0.0,0.0,0.0,0.0,0.0,0.0
0.28960323333740234,0.7751805782318115,0.21632073819637299,0.8141646385192871,0.21861998736858368,0.6918867826461792,0.2091713398694992,0.7975153923034668,0.2165805995464325,0.5171191692352295,0.42773884534835815,0.8632082343101501,0.3828126788139343,0.3612687289714813,0.0,0.0,0.6155248880386353,0.47357818484306335,0.0,0.0,0.0,0.0
0.0,0.0,0.0,0.0,0.0,0.0,0.0,0.0,0.0,0.0,0.0,0.0,0.0,0.0,0.0,0.0,0.0,0.0,0.0,0.0,0.0,0.0
0.4067383408546448,0.5670671463012695,0.3668158948421478,0.563697099685669,0.35904502868652344,0.5435328483581543,0.34490931034088135,0.45748624205589294,0.3333072364330292,0.4060071110725403,0.5455396771430969,0.4897169768810272,0.5408214926719666,0.296697735786438,0.0,0.0,0.78331458568573,0.6317572593688965,0.5459119081497192,0.9513608813285828,0.597394585609436,0.5516494512557983
0.0,0.0,0.0,0.0,0.0,0.0,0.0,0.0,0.0,0.0,0.0,0.0,0.0,0.0,0.0,0.0,0.0,0.0,0.0,0.0,0.0,0.0
0.0,0.0,0.0,0.0,0.0,0.0,0.0,0.0,0.0,0.0,0.0,0.0,0.0,0.0,0.0,0.0,0.0,0.0,0.0,0.0,0.0,0.0
0.0,0.0,0.0,0.0,0.0,0.0,0.0,0.0,0.0,0.0,0.0,0.0,0.6683451533317566,0.30363255739212036,0.0,0.0,0.0,0.0,0.0,0.0,0.0,0.0
0.0,0.0,0.0,0.0,0.0,0.0,0.0,0.0,0.0,0.0,0.0,0.0,0.0,0.0,0.0,0.0,0.5174975991249084,0.671952486038208,0.0,0.0,0.0,0.0
0.0,0.0,0.0,0.0,0.0,0.0,0.0,0.0,0.0,0.0,0.0,0.0,0.0,0.0,0.0,0.0,0.0,0.0,0.0,0.0,0.0,0.0
0.7620625495910645,0.763864278793335,0.0,0.0,0.721613883972168,0.7155620455741882,0.0,0.0,0.6766235828399658,0.6151638031005859,0.0,0.0,0.0,0.0,0.0,0.0,0.0,0.0,0.0,0.0,0.0,0.0
0.4885184168815613,0.659183144569397,0.448053240776062,0.6685999631881714,0.4358716607093811,0.6427863836288452,0.4061645269393921,0.5864675045013428,0.37167686223983765,0.5207000970840454,0.5313977599143982,0.47536370158195496,0.4451272189617157,0.3448428511619568,0.6900665760040283,0.685714602470398,0.6821274161338806,0.6830995082855225,0.4760079085826874,0.9546715617179871,0.0,0.0
0.8114200830459595,0.291936457157135,0.0,0.0,0.7695910930633545,0.2274307906627655,0.6640390157699585,0.4416198134422302,0.6381244659423828,0.1790175884962082,0.0,0.0,0.0,0.0,0.0,0.0,0.0,0.0,0.0,0.0,0.0,0.0
0.2981676459312439,0.5453143119812012,0.25309062004089355,0.5864312648773193,0.24601492285728455,0.5680705904960632,0.2914958596229553,0.7543145418167114,0.2831054627895355,0.7382240295410156,0.5861933827400208,0.7909854650497437,0.47258085012435913,0.6083818674087524,0.9601931571960449,0.4862118661403656,0.0,0.0,0.6324633359909058,0.3648469150066376,0.6152753233909607,0.3301534354686737
0.44580739736557007,0.6450777649879456,0.3913240432739258,0.6170320510864258,0.0,0.0,0.0,0.0,0.4685955047607422,0.4859909415245056,0.0,0.0,0.7122681140899658,0.2893673777580261,0.0,0.0,0.0,0.0,0.0,0.0,0.0,0.0
0.0,0.0,0.0,0.0,0.0,0.0,0.0,0.0,0.4652695655822754,0.48807984590530396,0.0,0.0,0.7152546644210815,0.29520440101623535,0.0,0.0,0.0,0.0,0.0,0.0,0.0,0.0
0.0,0.0,0.0,0.0,0.0,0.0,0.0,0.0,0.0,0.0,0.0,0.0,0.0,0.0,0.0,0.0,0.0,0.0,0.0,0.0,0.0,0.0
0.0,0.0,0.0,0.0,0.0,0.0,0.0,0.0,0.0,0.0,0.0,0.0,0.0,0.0,0.0,0.0,0.0,0.0,0.0,0.0,0.0,0.0
0.0,0.0,0.0,0.0,0.0,0.0,0.0,0.0,0.0,0.0,0.0,0.0,0.0,0.0,0.0,0.0,0.0,0.0,0.0,0.0,0.0,0.0
0.6088970899581909,0.5578534603118896,0.0,0.0,0.0,0.0,0.0,0.0,0.0,0.0,0.0,0.0,0.0,0.0,0.0,0.0,0.0,0.0,0.0,0.0,0.0,0.0
0.0,0.0,0.0,0.0,0.0,0.0,0.0,0.0,0.0,0.0,0.0,0.0,0.0,0.0,0.0,0.0,0.0,0.0,0.0,0.0,0.0,0.0
0.0,0.0,0.0,0.0,0.0,0.0,0.0,0.0,0.0,0.0,0.0,0.0,0.0,0.0,0.0,0.0,0.0,0.0,0.0,0.0,0.0,0.0
0.5189236998558044,0.2536105513572693,0.4575042724609375,0.29434633255004883,0.4956855773925781,0.2097633332014084,0.45931029319763184,0.39985060691833496,0.5315024852752686,0.187972754240036,0.563458263874054,0.6048924326896667,0.7363967895507812,0.21311822533607483,0.8608543872833252,0.8714128732681274,0.0,0.0,0.0,0.0,0.0,0.0
0.42265403270721436,0.5262712836265564,0.3782457113265991,0.5280245542526245,0.3995140492916107,0.5328763723373413,0.0,0.0,0.38931459188461304,0.42656922340393066,0.0,0.0,0.0,0.0,0.0,0.0,0.0,0.0,0.0,0.0,0.0,0.0
0.41408562660217285,0.48505350947380066,0.3586775064468384,0.5043928027153015,0.3441626727581024,0.507695198059082,0.38492345809936523,0.6237400770187378,0.0,0.0,0.0,0.0,0.44449156522750854,0.710951566696167,0.0,0.0,0.4880908131599426,0.5948202013969421,0.0,0.0,0.0,0.0
0.3989633023738861,0.462758868932724,0.3463439345359802,0.49152761697769165,0.3422721326351166,0.48282063007354736,0.37192296981811523,0.6594603061676025,0.34618765115737915,0.6451843976974487,0.5723297595977783,0.7206676006317139,0.4504823684692383,0.6709105372428894,0.6688587665557861,0.34336671233177185,0.0,0.0,0.0,0.0,0.0,0.0
0.38135024905204773,0.43846386671066284,0.3430616855621338,0.4651837944984436,0.3340417146682739,0.4425714910030365,0.35031089186668396,0.6275821328163147,0.3215656280517578,0.546375036239624,0.5342538356781006,0.6946728229522705,0.4478610157966614,0.5515229105949402,0.6727540493011475,0.33581575751304626,0.0,0.0,0.45366033911705017,0.3991968631744385,0.44897395372390747,0.3945463299751282
0.42462819814682007,0.6216102838516235,0.388961523771286,0.6287475824356079,0.3780537247657776,0.6047072410583496,0.3484707474708557,0.5453665256500244,0.3298693299293518,0.46175968647003174,0.5282802581787109,0.4532768130302429,0.46508246660232544,0.3115178346633911,0.669325590133667,0.6867088079452515,0.6714810729026794,0.6898400187492371,0.41647571325302124,0.9643043875694275,0.5163553953170776,0.6242352724075317
0.32776594161987305,0.5262882709503174,0.2790844738483429,0.5672111511230469,0.27456799149513245,0.5487326383590698,0.3123990297317505,0.734684944152832,0.3029777705669403,0.7168242335319519,0.6081072688102722,0.7747580409049988,0.4830188453197479,0.599097728729248,0.9584247469902039,0.4694281220436096,0.0,0.0,0.6445052623748779,0.3702128827571869,0.6019390225410461,0.34012508392333984
0.5256556868553162,0.6485170125961304,0.48540210723876953,0.6613367795944214,0.47300100326538086,0.6440036296844482,0.4272605776786804,0.5890728235244751,0.40836000442504883,0.5588192939758301,0.5341455936431885,0.476982057094574,0.45269083976745605,0.36279353499412537,0.7010818719863892,0.6687135100364685,0.6864811182022095,0.6673482656478882,0.0,0.0,0.5610364675521851,0.6824103593826294
0.5459390878677368,0.40610748529434204,0.48809677362442017,0.40171557664871216,0.5173578262329102,0.3894253969192505,0.39419102668762207,0.4898856282234192,0.4454607367515564,0.4475981593132019,0.44314080476760864,0.67530357837677,0.5681507587432861,0.5589897036552429,0.7144953012466431,0.3261241912841797,0.7199865579605103,0.34979963302612305,0.5501174926757812,0.3338836133480072,0.0,0.0
0.5614166259765625,0.3833090662956238,0.5005788207054138,0.37934333086013794,0.5187793970108032,0.3699631690979004,0.44122064113616943,0.4369051158428192,0.4621908664703369,0.42496049404144287,0.47453269362449646,0.5936795473098755,0.5521339178085327,0.5561470985412598,0.7209125757217407,0.28562629222869873,0.7252891063690186,0.31274861097335815,0.568632185459137,0.35520511865615845,0.0,0.0
0.0,0.0,0.0,0.0,0.0,0.0,0.0,0.0,0.0,0.0,0.0,0.0,0.0,0.0,0.0,0.0,0.0,0.0,0.0,0.0,0.0,0.0
0.5535325407981873,0.767992377281189,0.5213024020195007,0.8129165172576904,0.48302340507507324,0.7230913043022156,0.5620899796485901,0.8275656700134277,0.48377639055252075,0.619134247303009,0.7812472581863403,0.8371405601501465,0.6006385087966919,0.41945862770080566,0.0,0.0,0.8328652381896973,0.3045141100883484,0.0,0.0,0.0,0.0
0.572036862373352,0.5975366830825806,0.5318397283554077,0.604243814945221,0.5272883772850037,0.6015805006027222,0.47756803035736084,0.5450198650360107,0.46765193343162537,0.5445853471755981,0.5915871858596802,0.4484925866127014,0.5044671297073364,0.35360440611839294,0.733493447303772,0.6712607145309448,0.7341524958610535,0.6891104578971863,0.5978437662124634,0.950684666633606,0.5596238970756531,0.6176445484161377
0.5866600275039673,0.41506409645080566,0.5358281135559082,0.4065496623516083,0.5480890274047852,0.40700072050094604,0.4520002007484436,0.48793303966522217,0.48171937465667725,0.4690605401992798,0.4940967261791229,0.6511457562446594,0.5393084287643433,0.5983273983001709,0.7338629961013794,0.3035333752632141,0.7371605634689331,0.330541729927063,0.6138300895690918,0.3478398025035858,0.0,0.0
0.5717066526412964,0.5919759273529053,0.5305913090705872,0.5998908877372742,0.5170010328292847,0.5966131091117859,0.4582276940345764,0.5270795822143555,0.44420576095581055,0.5248833298683167,0.5681614875793457,0.413837194442749,0.483331561088562,0.32592934370040894,0.7340288162231445,0.6691546440124512,0.7276467680931091,0.6719138026237488,0.5941426753997803,0.9395784735679626,0.5793578624725342,0.6169341802597046
0.6073774099349976,0.44135159254074097,0.5537571310997009,0.4337881803512573,0.5672115087509155,0.4306488037109375,0.47502967715263367,0.5256528854370117,0.5063591003417969,0.4928417205810547,0.5227206349372864,0.68852299451828,0.5994746685028076,0.6223515272140503,0.7564725279808044,0.3536372780799866,0.7624053359031677,0.358984112739563,0.6359130144119263,0.38871118426322937,0.0,0.0
0.6178579330444336,0.6199741959571838,0.5847887992858887,0.626151442527771,0.5731468796730042,0.6276833415031433,0.4968353509902954,0.5470615029335022,0.4963339567184448,0.5644258856773376,0.5855218768119812,0.41641682386398315,0.5479714274406433,0.39301741123199463,0.0,0.0,0.7704355716705322,0.7043077349662781,0.6302080750465393,0.9495207667350769,0.6272560954093933,0.9522602558135986
0.2955428659915924,0.5077486038208008,0.25208809971809387,0.4913024604320526,0.25204068422317505,0.46803995966911316,0.27899348735809326,0.3324216604232788,0.2781694829463959,0.29517680406570435,0.5258299112319946,0.4075326919555664,0.4968317151069641,0.2362501621246338,0.8529496192932129,0.5969391465187073,0.0,0.0,0.5285841822624207,0.6901099681854248,0.5324997901916504,0.6528550386428833
0.614021360874176,0.7665853500366211,0.5775473117828369,0.7698071002960205,0.5730026364326477,0.7655636668205261,0.5293317437171936,0.6917549967765808,0.5186554193496704,0.6906964778900146,0.6257691979408264,0.5788023471832275,0.56724613904953,0.5052968263626099,0.7929363250732422,0.8412609100341797,0.7775089740753174,0.8392481207847595,0.0,0.0,0.6343978643417358,0.7861838340759277
0.5752604007720947,0.31121841073036194,0.5126423835754395,0.3175218999385834,0.5394560098648071,0.30126553773880005,0.44415295124053955,0.4294286370277405,0.49889200925827026,0.3642638325691223,0.552622377872467,0.5461007952690125,0.6623783111572266,0.4748450219631195,0.7535130381584167,0.21410244703292847,0.7585911154747009,0.2167411893606186,0.0,0.0,0.0,0.0
0.4762570858001709,0.6184182167053223,0.43624529242515564,0.6123894453048706,0.4291418194770813,0.6037785410881042,0.39943405985832214,0.4991264045238495,0.383248507976532,0.47900259494781494,0.607842206954956,0.48178431391716003,0.5503965020179749,0.3702552318572998,0.7712897062301636,0.6931055784225464,0.7644934058189392,0.7037546634674072,0.5183904767036438,0.950904369354248,0.5912111401557922,0.6021855473518372
0.4067383408546448,0.5670671463012695,0.3668158948421478,0.563697099685669,0.35904502868652344,0.5435328483581543,0.34490931034088135,0.45748624205589294,0.3333072364330292,0.4060071110725403,0.5455396771430969,0.4897169768810272,0.5408214926719666,0.296697735786438,0.0,0.0,0.78331458568573,0.6317572593688965,0.5459119081497192,0.9513608813285828,0.597394585609436,0.5516494512557983
0.56715989112854,0.7723768949508667,0.5321289300918579,0.8191591501235962,0.496189683675766,0.7272260189056396,0.5734379291534424,0.8384382128715515,0.49535736441612244,0.624362051486969,0.7801615595817566,0.8419137001037598,0.6190766096115112,0.4323556423187256,0.0,0.0,0.836751401424408,0.3261440396308899,0.0,0.0,0.0,0.0
0.32987239956855774,0.49944955110549927,0.28233587741851807,0.4889068007469177,0.28338339924812317,0.4673675298690796,0.2858923673629761,0.34322965145111084,0.2926514446735382,0.31481319665908813,0.4967745542526245,0.4341247081756592,0.5680606961250305,0.24667108058929443,0.0,0.0,0.0,0.0,0.6441493630409241,0.6217217445373535,0.6917872428894043,0.511311948299408
0.30221816897392273,0.45650625228881836,0.2577056884765625,0.4463063180446625,0.25478291511535645,0.42946097254753113,0.2699788510799408,0.3104633688926697,0.27938321232795715,0.27279040217399597,0.4965411126613617,0.4140285849571228,0.5734093189239502,0.2058297097682953,0.0,0.0,0.0,0.0,0.0,0.0,0.0,0.0
0.32413333654403687,0.47529077529907227,0.2739558219909668,0.45427951216697693,0.2813616991043091,0.4342953562736511,0.29435062408447266,0.3029278516769409,0.3102724254131317,0.2697649598121643,0.48743388056755066,0.41191649436950684,0.5946123600006104,0.21814361214637756,0.788499116897583,0.5786715745925903,0.9675238132476807,0.4295758008956909,0.5811853408813477,0.6575182676315308,0.6151124238967896,0.6327956318855286
0.35303378105163574,0.5093996524810791,0.303390234708786,0.5492862462997437,0.2983675003051758,0.5308892130851746,0.33102983236312866,0.7211490869522095,0.32200300693511963,0.7010091543197632,0.6212280988693237,0.7613523006439209,0.5040110945701599,0.5855600833892822,0.9699074625968933,0.48059606552124023,0.0,0.0,0.5966423749923706,0.3449109196662903,0.5956345796585083,0.33106333017349243
0.35347211360931396,0.4828129708766937,0.30188730359077454,0.4619482755661011,0.3099571764469147,0.44756877422332764,0.324057936668396,0.3075597584247589,0.334913432598114,0.28039324283599854,0.5067101120948792,0.40723904967308044,0.6159906983375549,0.22705809772014618,0.805712878704071,0.5802406072616577,0.9779554605484009,0.5201117396354675,0.591265857219696,0.6641337871551514,0.5921719074249268,0.638831615447998
0.3012954890727997,0.394002765417099,0.25868353247642517,0.4303511381149292,0.2672075927257538,0.39969754219055176,0.27941250801086426,0.5966997146606445,0.2796473801136017,0.5072901844978333,0.4134353995323181,0.7234936952590942,0.5128434896469116,0.4507836699485779,0.0,0.0,0.0,0.0,0.0,0.0,0.5514427423477173,0.1771523803472519
0.28940874338150024,0.5122876167297363,0.2422029823064804,0.49738097190856934,0.24317800998687744,0.4742003381252289,0.27285754680633545,0.3494030833244324,0.27218857407569885,0.301719069480896,0.5349357724189758,0.4284927248954773,0.46811753511428833,0.22460798919200897,0.8518414497375488,0.5956906080245972,0.0,0.0,0.5342627763748169,0.6872773170471191,0.0,0.0
0.29616183042526245,0.5102145671844482,0.25014400482177734,0.4938744008541107,0.2506878077983856,0.47272437810897827,0.2785913348197937,0.3360564410686493,0.2785687744617462,0.2977136969566345,0.532711923122406,0.4133376479148865,0.50603187084198,0.24622713029384613,0.0,0.0,0.8272162675857544,0.5594642758369446,0.5310211181640625,0.6982421278953552,0.527044415473938,0.6619893312454224
0.2814766764640808,0.5100291967391968,0.24212956428527832,0.5438268780708313,0.24682730436325073,0.5220082998275757,0.2680760622024536,0.7108199596405029,0.2676001787185669,0.6668941974639893,0.4300170838832855,0.8093015551567078,0.523936927318573,0.5213055610656738,0.0,0.0,0.8309144973754883,0.3758190870285034,0.0,0.0,0.5214073061943054,0.30291154980659485
0.5408121347427368,0.74735426902771,0.4893082082271576,0.7573279738426208,0.4785541892051697,0.7392289638519287,0.4274632930755615,0.6483840346336365,0.4063534140586853,0.6020275354385376,0.0,0.0,0.5464718341827393,0.4321383833885193,0.0,0.0,0.0,0.0,0.0,0.0,0.0,0.0
0.5778738260269165,0.2227044701576233,0.5086022019386292,0.2664300799369812,0.5580136775970459,0.1599614918231964,0.5089142322540283,0.3528643250465393,0.6052881479263306,0.13918478786945343,0.6094489097595215,0.5389297604560852,0.7797331213951111,0.19109658896923065,0.0,0.0,0.0,0.0,0.0,0.0,0.0,0.0
0.5875219106674194,0.7622745037078857,0.5375629663467407,0.7740035057067871,0.5239826440811157,0.7575461268424988,0.4550169110298157,0.6711220145225525,0.4266893267631531,0.6248682141304016,0.0,0.0,0.0,0.0,0.0,0.0,0.0,0.0,0.0,0.0,0.0,0.0
0.6034585237503052,0.7719082236289978,0.5450448989868164,0.7929562330245972,0.5390874743461609,0.7721154093742371,0.4714908301830292,0.712547242641449,0.45532017946243286,0.6578167080879211,0.0,0.0,0.5727309584617615,0.49714577198028564,0.0,0.0,0.0,0.0,0.0,0.0,0.0,0.0
0.6081690788269043,0.7726423144340515,0.5626172423362732,0.7965805530548096,0.5450003147125244,0.7748723030090332,0.495128870010376,0.7553660869598389,0.4536237120628357,0.6303739547729492,0.0,0.0,0.0,0.0,0.0,0.0,0.0,0.0,0.0,0.0,0.0,0.0
0.6221117973327637,0.2593957483768463,0.5159929990768433,0.27166056632995605,0.555958092212677,0.21366946399211884,0.4454641044139862,0.4055196940898895,0.4982643127441406,0.29831480979919434,0.0,0.0,0.0,0.0,0.0,0.0,0.8411456346511841,0.17241668701171875,0.0,0.0,0.0,0.0
0.6067649126052856,0.7664554119110107,0.5561666488647461,0.7918745875358582,0.5426377654075623,0.7665120959281921,0.49870020151138306,0.7555093169212341,0.4548829197883606,0.6261481046676636,0.0,0.0,0.0,0.0,0.0,0.0,0.0,0.0,0.0,0.0,0.0,0.0
0.0,0.0,0.0,0.0,0.0,0.0,0.0,0.0,0.0,0.0,0.0,0.0,0.0,0.0,0.0,0.0,0.0,0.0,0.0,0.0,0.0,0.0
0.5995576977729797,0.7523123621940613,0.582400918006897,0.7764085531234741,0.5527507066726685,0.7548415064811707,0.0,0.0,0.4891415536403656,0.6880750060081482,0.0,0.0,0.0,0.0,0.0,0.0,0.0,0.0,0.0,0.0,0.0,0.0
0.0,0.0,0.0,0.0,0.0,0.0,0.0,0.0,0.0,0.0,0.0,0.0,0.0,0.0,0.0,0.0,0.0,0.0,0.0,0.0,0.0,0.0
0.2853987514972687,0.5109139680862427,0.24387994408607483,0.5459179878234863,0.2542947828769684,0.5213556289672852,0.27554529905319214,0.7197730541229248,0.0,0.0,0.4345705211162567,0.8232507109642029,0.5262903571128845,0.5608516335487366,0.0,0.0,0.8455362319946289,0.37732619047164917,0.49537190794944763,0.3224674463272095,0.5225111842155457,0.3145431578159332
0.6248400211334229,0.23250876367092133,0.5734000205993652,0.21838819980621338,0.5782498121261597,0.20834249258041382,0.5219576954841614,0.2964116036891937,0.534196138381958,0.2542402148246765,0.0,0.0,0.0,0.0,0.0,0.0,0.0,0.0,0.0,0.0,0.0,0.0
0.6480632424354553,0.8323583006858826,0.6253800392150879,0.8613075017929077,0.5881038904190063,0.8212466239929199,0.0,0.0,0.5432210564613342,0.7203819155693054,0.0,0.0,0.0,0.0,0.0,0.0,0.7698494791984558,0.6672937273979187,0.0,0.0,0.0,0.0
0.6647161245346069,0.8467187881469727,0.6156118512153625,0.8649735450744629,0.0,0.0,0.0,0.0,0.6397522687911987,0.8085379004478455,0.0,0.0,0.7603322863578796,0.7609177827835083,0.0,0.0,0.0,0.0,0.0,0.0,0.0,0.0
0.0,0.0,0.0,0.0,0.0,0.0,0.0,0.0,0.0,0.0,0.0,0.0,0.0,0.0,0.0,0.0,0.0,0.0,0.0,0.0,0.0,0.0
0.0,0.0,0.0,0.0,0.0,0.0,0.0,0.0,0.0,0.0,0.0,0.0,0.0,0.0,0.0,0.0,0.0,0.0,0.0,0.0,0.0,0.0
0.0,0.0,0.0,0.0,0.0,0.0,0.0,0.0,0.0,0.0,0.0,0.0,0.0,0.0,0.0,0.0,0.0,0.0,0.0,0.0,0.8275411128997803,0.8445343375205994
0.7341384291648865,0.8094057440757751,0.6799964904785156,0.8293994665145874,0.6905731558799744,0.8275399208068848,0.0,0.0,0.6835969686508179,0.7980544567108154,0.0,0.0,0.754905104637146,0.7368482351303101,0.0,0.0,0.8549899458885193,0.8177405595779419,0.0,0.0,0.0,0.0
0.5925010442733765,0.7722610831260681,0.5502988696098328,0.794134795665741,0.5322040915489197,0.7681757211685181,0.49403685331344604,0.7383518218994141,0.45191964507102966,0.6315820813179016,0.0,0.0,0.0,0.0,0.0,0.0,0.0,0.0,0.0,0.0,0.0,0.0
0.7631060481071472,0.7814342975616455,0.0,0.0,0.7406162023544312,0.7589258551597595,0.0,0.0,0.6866170167922974,0.6509081125259399,0.0,0.0,0.0,0.0,0.0,0.0,0.0,0.0,0.0,0.0,0.0,0.0
0.0,0.0,0.0,0.0,0.0,0.0,0.0,0.0,0.0,0.0,0.0,0.0,0.0,0.0,0.0,0.0,0.0,0.0,0.0,0.0,0.0,0.0
0.0,0.0,0.0,0.0,0.0,0.0,0.0,0.0,0.0,0.0,0.0,0.0,0.0,0.0,0.0,0.0,0.0,0.0,0.0,0.0,0.0,0.0
0.0,0.0,0.0,0.0,0.0,0.0,0.0,0.0,0.0,0.0,0.0,0.0,0.0,0.0,0.0,0.0,0.0,0.0,0.0,0.0,0.0,0.0
0.7798182964324951,0.9137028455734253,0.7381818294525146,0.9232016801834106,0.7371410131454468,0.9253255724906921,0.6971354484558105,0.8100964426994324,0.701856255531311,0.8204042911529541,0.0,0.0,0.7773522138595581,0.7026929259300232,0.0,0.0,0.7863938808441162,0.6927728056907654,0.0,0.0,0.0,0.0
0.8338700532913208,0.4768841862678528,0.0,0.0,0.0,0.0,0.0,0.0,0.0,0.0,0.0,0.0,0.0,0.0,0.0,0.0,0.0,0.0,0.0,0.0,0.0,0.0
0.0,0.0,0.0,0.0,0.0,0.0,0.0,0.0,0.0,0.0,0.0,0.0,0.0,0.0,0.0,0.0,0.0,0.0,0.0,0.0,0.0,0.0
0.0,0.0,0.8793770670890808,0.5492106080055237,0.0,0.0,0.0,0.0,0.0,0.0,0.0,0.0,0.0,0.0,0.0,0.0,0.0,0.0,0.0,0.0,0.0,0.0
0.0,0.0,0.0,0.0,0.0,0.0,0.0,0.0,0.0,0.0,0.0,0.0,0.7248865962028503,0.19333237409591675,0.0,0.0,0.0,0.0,0.0,0.0,0.0,0.0
0.0,0.0,0.0,0.0,0.0,0.0,0.0,0.0,0.0,0.0,0.0,0.0,0.0,0.0,0.0,0.0,0.0,0.0,0.0,0.0,0.0,0.0
0.0,0.0,0.0,0.0,0.0,0.0,0.0,0.0,0.0,0.0,0.0,0.0,0.0,0.0,0.0,0.0,0.0,0.0,0.0,0.0,0.0,0.0
0.0,0.0,0.0,0.0,0.0,0.0,0.0,0.0,0.0,0.0,0.7059836387634277,0.4517449736595154,0.626314640045166,0.06679672747850418,0.0,0.0,0.0,0.0,0.0,0.0,0.0,0.0
0.5547025203704834,0.6249430179595947,0.47610029578208923,0.6431277394294739,0.48908114433288574,0.5844980478286743,0.0,0.0,0.43546006083488464,0.5362497568130493,0.5038771629333496,0.8786520957946777,0.7068519592285156,0.46809884905815125,0.0,0.0,0.0,0.0,0.0,0.0,0.0,0.0
0.5540595054626465,0.6270707845687866,0.48721760511398315,0.657686173915863,0.4896180033683777,0.5821617841720581,0.40717804431915283,0.723894476890564,0.44285115599632263,0.5256357192993164,0.5082327723503113,0.8912389278411865,0.6988039016723633,0.4649876058101654,0.0,0.0,0.0,0.0,0.0,0.0,0.0,0.0
0.49218934774398804,0.7101364135742188,0.4374852776527405,0.7533018589019775,0.43755441904067993,0.6684331297874451,0.39581355452537537,0.8072584867477417,0.39038586616516113,0.6109468340873718,0.589142918586731,0.9123793840408325,0.6830430030822754,0.5357254147529602,0.9272698760032654,0.9707729816436768,0.9750314950942993,0.4628010392189026,0.0,0.0,0.0,0.0
